train_nme,train_loss,val_nme,val_loss,curr_epoch
5.212304388906296,0.79864794,4.986746930520265,4.521879,0
5.107367319533922,0.6373046,5.218735149701915,1.4805923,1
